{
  "showerControl": [
    {
      "applicableConditions": [],
      "position": {
        "x": -0.5980499386787415,
        "y": 2.0999999046325684,
        "z": 0
      },
      "rotation": {
        "w": 0.7071067690849304,
        "x": 0,
        "y": 0.7071067690849304,
        "z": 0
      }
    },
    {
      "applicableConditions": [],
      "position": {
        "x": 0.5980499386787415,
        "y": 2.0999999046325684,
        "z": 0
      },
      "rotation": {
        "w": 0.7071067690849304,
        "x": 0,
        "y": -0.7071067690849304,
        "z": 0
      }
    },
    {
      "applicableConditions": [],
      "position": {
        "x": 0,
        "y": 2.0999999046325684,
        "z": 0.40000003576278687
      },
      "rotation": {
        "w": -4.371138828673793e-8,
        "x": 0,
        "y": 1,
        "z": 0
      }
    },
    {
      "applicableConditions": [],
      "position": {
        "x": 0,
        "y": 2.0999999046325684,
        "z": -0.40000003576278687
      },
      "rotation": {
        "w": 1,
        "x": 0,
        "y": 0,
        "z": 0
      }
    }
  ],
  "showerWaste": [
    {
      "applicableConditions": [],
      "position": {
        "x": -0.21523599326610565,
        "y": 0.03181299939751625,
        "z": 0.11544299870729446
      },
      "rotation": {
        "w": 1,
        "x": 0,
        "y": 0,
        "z": 0
      }
    }
  ]
}
